Player,Team 2017,Base.P 2017,Auction.P 2017,Team 2011,Base.P 2011,Auction.P 2011,Team 2014,Base.P 2014,Auction.P 2014,Team 2008,Base.P 2008,Auction.P 2008,Nationality,Speciality,Team 2010_x,Auction.P 2010,Base.P 2010,Team 2010_y,Base.P 2013,Auction.P 2013,Team 2016,Base.P 2016,Auction.P 2016,Team 2019,Base.P 2019,Auction.P 2019,Playing Role_x,Base.P 2015,Team 2015,Auction.P 2015,Playing Role_y,Base.P 2018,Team 2018,Auction.P 2018,Team 2012,Base.P 2012,Auction.P 2012,Team 2009,Auction.P 2009,Base.P 2009
Eoin Morgan,Kings XI Punjab,200.0,200.0,Kolkata Knight Riders,,,,,,,,,,,Royal Challengers Bangalore,220000.0,200000.0,,,,,,,,,,,150.0,Sunrisers Hyderabad,150.0,,,,,,,,,,
Pawan Negi,Royal Challengers Bangalore,30.0,100.0,,,,Chennai Super Kings,10.0,10.0,,,,,,,,,,,,Delhi Daredevils,30.0,850.0,,,,,,,,All-Rounder,50.0,Royal Challengers Bangalore [RTM],100.0,,,,,,
Angelo Mathews,Delhi Daredevils,200.0,200.0,Pune Warriors India,,,,,,,,,,,,,,,,,,,,,,,,150.0,Delhi Daredevils,750.0,,,,,,,,,,
Ben Stokes,Rising Pune Supergiants,200.0,1450.0,,,,,,,,,,,,,,,,,,,,,,,,,,,,All-Rounder,200.0,Rajasthan Royals,1250.0,,,,,,
Corey Anderson,Delhi Daredevils,100.0,100.0,,,,Mumbai Indians,100.0,450.0,,,,,,,,,,,,,,,,,,,,,,,,,,,,,,,
Nicholas Pooran,Mumbai Indians,30.0,30.0,,,,,,,,,,,,,,,,,,,,,Kings XI Punjab,75.0,420.0,Wicketkeeper,,,,,,,,,,,,,
Kagiso Rabada,Delhi Daredevils,100.0,500.0,,,,,,,,,,,,,,,,,,,,,,,,,,,,Bowler,150.0,Delhi Daredevils[RTM],420.0,,,,,,
Trent Boult,Kolkata Knight Riders,150.0,500.0,,,,,,,,,,,,,,,,,,,,,,,,,50.0,Sunrisers Hyderabad,380.0,Bowler,150.0,Delhi Daredevils,220.0,,,,,,
Tymal Mills,Royal Challengers Bangalore,50.0,1200.0,,,,,,,,,,,,,,,,,,,,,,,,,,,,,,,,,,,,,
Pat Cummins,Delhi Daredevils,200.0,450.0,,,,,,,,,,,,,,,,,,,,,,,,,,,,Bowler,200.0,Mumbai Indians,540.0,,,,,,
Mitchell Johnson,Mumbai Indians,200.0,200.0,,,,Kings XI Punjab,200.0,650.0,,,,,,,,,,,,,,,,,,,,,,Bowler,200.0,Kolkata Knight Riders,200.0,Mumbai Indians,"$300,000","$300,000",,,
Ankit Bawne,Delhi Daredevils,10.0,10.0,,,,,,,,,,,,,,,,,,,,,,,,,,,,,,,,,,,,,
Tanmay Agarwal,Sunrisers Hyderabad,10.0,10.0,,,,,,,,,,,,,,,,,,,,,,,,,,,,Batsman,20.0,Sunrisers Hyderabad,20.0,,,,,,
Mohammad Nabi,Sunrisers Hyderabad,30.0,30.0,,,,,,,,,,,,,,,,,,,,,,,,,,,,All-Rounder,50.0,Sunrisers Hyderabad,100.0,,,,,,
K Gowtham,Mumbai Indians,10.0,200.0,,,,,,,,,,,,,,,,,,,,,,,,,,,,,,,,,,,,,
Rahul Tewatia,Kings XI Punjab,10.0,25.0,,,,Rajasthan Royals[REC],10.0,10.0,,,,,,,,,,,,,,,,,,,,,,All-Rounder,20.0,Delhi Daredevils,300.0,,,,,,
Aditya Tare,Delhi Daredevils,20.0,25.0,,,,Mumbai Indians,20.0,160.0,,,,,,,,,,,,Sunrisers Hyderabad,20.0,120.0,,,,,,,,Wicketkeeper,20.0,Mumbai Indians,20.0,,,,,,
Eklavya Dwivedi,Sunrisers Hyderabad,30.0,75.0,,,,,,,,,,,,,,,,,,Gujarat Lions,20.0,100.0,,,,,10.0,Chennai Super Kings,10.0,,,,,,,,,,
Aniket Choudhary,Royal Challengers Bangalore,10.0,200.0,,,,,,,,,,,,,,,,,,,,,,,,,,,,Bowler,30.0,Royal Challengers Bangalore,30.0,,,,,,
T Natarajan,Kings XI Punjab,10.0,300.0,,,,,,,,,,,,,,,,,,,,,,,,,,,,Bowler,40.0,Sunrisers Hyderabad,40.0,,,,,,
Nathu Singh,Gujarat Lions,30.0,50.0,,,,,,,,,,,,,,,,,,Mumbai Indians,10.0,320.0,Delhi Capitals,20.0,20.0,Bowler,,,,,,,,,,,,,
Basil Thampi,Gujarat Lions,10.0,85.0,,,,,,,,,,,,,,,,,,,,,,,,,,,,Bowler,30.0,Sunrisers Hyderabad,95.0,,,,,,
M Ashwin,Delhi Daredevils,10.0,100.0,,,,,,,,,,,,,,,,,,,,,,,,,,,,,,,,,,,,,
Tejas Baroka,Gujarat Lions,10.0,10.0,,,,,,,,,,,,,,,,,,,,,,,,,,,,,,,,,,,,,
Rashid Khan,Sunrisers Hyderabad,50.0,400.0,,,,,,,,,,,,,,,,,,,,,,,,,,,,Bowler,200.0,Sunrisers Hyderabad[RTM],900.0,,,,,,
Pravin Tambe,Sunrisers Hyderabad,10.0,10.0,,,,Rajasthan Royals[RTM],10.0,10.0,,,,,,,,,,,,Gujarat Lions,10.0,20.0,,,,,,,,,,,,,,,,,
Chris Woakes,Kolkata Knight Riders,200.0,420.0,,,,,,,,,,,,,,,,,,,,,,,,,,,,All-Rounder,200.0,Royal Challengers Bangalore,740.0,,,,,,
Karn Sharma,Mumbai Indians,30.0,320.0,,,,Sunrisers Hyderabad,30.0,375.0,,,,,,,,,,,,,,,,,,,,,,Bowler,200.0,Chennai Super Kings,500.0,,,,,,
Rishi Dhawan,Kolkata Knight Riders,30.0,55.0,,,,Kings XI Punjab,20.0,300.0,,,,,,,,,,,,,,,,,,,,,,,,,,,,,,,
Matt Henry,Kings XI Punjab,50.0,50.0,,,,Chennai Super Kings,30.0,30.0,,,,,,,,,,,,,,,,,,,,,,,,,,,,,,,
Jaydev Unadkat,Rising Pune Supergiants,30.0,30.0,Kolkata Knight Riders,,,Delhi Daredevils,100.0,280.0,,,,,,,,,Royal Challengers Bangalore,"$100,000","$525,000",Kolkata Knight Riders,30.0,160.0,Rajasthan Royals,150.0,840.0,Bowler,50.0,Delhi Daredevils,110.0,Bowler,150.0,Rajasthan Royals,1150.0,,,,,,
Varun Aaron,Kings XI Punjab,30.0,280.0,,,,Royal Challengers Bangalore,150.0,200.0,,,,,,,,,,,,,,,Rajasthan Royals,50.0,240.0,Bowler,,,,,,,,,,,,,
Manpreet Gony,Gujarat Lions,30.0,60.0,Deccan Chargers,,,,,,,,,,,,,,Kings XI Punjab,"$200,000","$500,000",,,,,,,,,,,,,,,,,,,,
Martin Guptill,Kings XI Punjab,50.0,50.0,,,,,,,,,,,,,,,,,,,,,Sunrisers Hyderabad,100.0,100.0,Batsman,,,,,,,,,,,,,
Jason Roy,Gujarat Lions,100.0,100.0,,,,,,,,,,,,,,,,,,,,,,,,,,,,Batsman,150.0,Delhi Daredevils,150.0,,,,,,
Saurabh Tiwary,Mumbai Indians,30.0,30.0,Royal Challengers Bangalore,,,Delhi Daredevils,50.0,70.0,,,,,,,,,,,,,,,,,,,,,,Batsman,50.0,Mumbai Indians,80.0,,,,,,
Chris Jordan,Sunrisers Hyderabad,50.0,50.0,,,,,,,,,,,,,,,,,,,,,,,,,,,,All-Rounder,100.0,Sunrisers Hyderabad,100.0,,,,,,
Nathan Coulter-Nile,Kolkata Knight Riders,100.0,350.0,,,,Delhi Daredevils,100.0,425.0,,,,,,,,,Mumbai Indians,"$100,000","$450,000",,,,,,,,,,,Bowler,150.0,Royal Challengers Bangalore,220.0,,,,,,
Praveen Dubey,Royal Challengers Bangalore,10.0,10.0,,,,,,,,,,,,,,,,,,Royal Challengers Bangalore,10.0,35.0,,,,,,,,,,,,,,,,,
Navdeep Saini,Delhi Daredevils,10.0,10.0,,,,,,,,,,,,,,,,,,,,,,,,,,,,Bowler,20.0,Royal Challengers Bangalore,300.0,,,,,,
Ben Laughlin,Sunrisers Hyderabad,30.0,30.0,,,,,,,,,,,,,,,Chennai Super Kings,"$20,000","$20,000",,,,,,,,,,,Bowler,50.0,Rajasthan Royals,50.0,,,,,,
Billy Stanlake,Royal Challengers Bangalore,30.0,30.0,,,,,,,,,,,,,,,,,,,,,,,,,,,,Bowler,50.0,Sunrisers Hyderabad,50.0,,,,,,
Mohammed Siraj,Sunrisers Hyderabad,20.0,260.0,,,,,,,,,,,,,,,,,,,,,,,,,,,,Bowler,100.0,Royal Challengers Bangalore,260.0,,,,,,
Rahul Chahar,Rising Pune Supergiants,10.0,10.0,,,,,,,,,,,,,,,,,,,,,,,,,,,,Bowler,20.0,Mumbai Indians,190.0,,,,,,
Saurabh Kumar,Rising Pune Supergiants,10.0,10.0,,,,,,,,,,,,,,,,,,,,,,,,,,,,,,,,,,,,,
Asela Gunaratne,Mumbai Indians,30.0,30.0,,,,,,,,,,,,,,,,,,,,,,,,,,,,,,,,,,,,,
Daniel Christian,Rising Pune Supergiants,100.0,100.0,,,,,,,,,,,,,,,Royal Challengers Bangalore,"$100,000","$100,000",,,,,,,,,,,All-Rounder,100.0,Delhi Daredevils,150.0,,,,,,
Rovman Powell,Kolkata Knight Riders,30.0,30.0,,,,,,,,,,,,,,,,,,,,,,,,,,,,,,,,,,,,,
Darren Sammy,Kings XI Punjab,30.0,30.0,,,,Sunrisers Hyderabad,100.0,350.0,,,,,,,,,Sunrisers Hyderabad,"$100,000","$425,000",,,,,,,,100.0,Royal Challengers Bangalore,280.0,,,,,,,,,,
Munaf Patel,Gujarat Lions,30.0,30.0,Mumbai Indians,,,,,,Rajasthan Royals,100.0,275.0,India,Bowler,,,,,,,,,,,,,,,,,,,,,,,,,,
Rinku Singh,Kings XI Punjab,10.0,10.0,,,,,,,,,,,,,,,,,,,,,,,,,,,,Batsman,20.0,Kolkata Knight Riders,80.0,,,,,,
Shashank Singh,Delhi Daredevils,10.0,10.0,,,,,,,,,,,,,,,,,,,,,Rajasthan Royals,20.0,30.0,All-rounder,,,,,,,,,,,,,
Milind Tandon,Rising Pune Supergiants,10.0,10.0,,,,,,,,,,,,,,,,,,,,,,,,,,,,,,,,,,,,,
Kulwant Khejroliya,Mumbai Indians,10.0,10.0,,,,,,,,,,,,,,,,,,,,,,,,,,,,Bowler,20.0,Royal Challengers Bangalore,85.0,,,,,,
Chirag Suri,Gujarat Lions,10.0,10.0,,,,,,,,,,,,,,,,,,,,,,,,,,,,,,,,,,,,,
R Sanjay Yadav,Kolkata Knight Riders,10.0,10.0,,,,,,,,,,,,,,,,,,,,,,,,,,,,,,,,,,,,,
Shelley Shaurya,Gujarat Lions,10.0,10.0,,,,,,,,,,,,,,,,,,,,,,,,,,,,,,,,,,,,,
Shubham Agarwal,Gujarat Lions,10.0,10.0,,,,,,,,,,,,,,,,,,,,,,,,,,,,,,,,,,,,,
Ishank Jaggi,Kolkata Knight Riders,10.0,10.0,,,,,,,,,,,,,,,,,,,,,,,,,,,,Batsman,20.0,Kolkata Knight Riders,20.0,,,,,,
Rahul Tripathi,Rising Pune Supergiants,10.0,10.0,,,,,,,,,,,,,,,,,,,,,,,,,,,,Batsman,20.0,Rajasthan Royals,340.0,,,,,,
Pratham Singh,Gujarat Lions,10.0,10.0,,,,,,,,,,,,,,,,,,,,,,,,,,,,,,,,,,,,,
Akshdeep Nath,Gujarat Lions,10.0,10.0,,,,,,,,,,,,,,,,,,Gujarat Lions,10.0,10.0,Royal Challengers Bangalore,20.0,360.0,All-rounder,,,,All-Rounder,20.0,Kings XI Punjab,100.0,,,,,,
Lockie Ferguson,Rising Pune Supergiants,50.0,50.0,,,,,,,,,,,,,,,,,,,,,Kolkata Knight Riders,100.0,160.0,Bowler,,,,,,,,,,,,,
Manoj Tiwary,Rising Pune Supergiants,50.0,50.0,Kolkata Knight Riders,,,Delhi Daredevils,200.0,280.0,Delhi Daredevils,100.0,675.0,India,Batsman,,,,,,,,,,,,,,,,,Batsman,50.0,Kings XI Punjab,100.0,,,,,,
Darren Bravo,Kolkata Knight Riders,50.0,50.0,,,,,,,,,,,,,,,,,,,,,,,,,,,,,,,,Deccan Chargers,"$100,000","$100,000",,,
Sayan Ghosh,Kolkata Knight Riders,10.0,10.0,,,,,,,,,,,,,,,,,,,,,,,,,,,,Bowler,20.0,Delhi Daredevils,20.0,,,,,,
Gautam Gambhir,,,,Kolkata Knight Riders,,,,,,Delhi Daredevils,220.0,725.0,India,Batsman,,,,,,,,,,,,,,,,,Batsman,200.0,Delhi Daredevils,280.0,,,,,,
Yusuf Pathan,,,,Kolkata Knight Riders,,,Kolkata Knight Riders,200.0,325.0,Rajasthan Royals,100.0,475.0,India,Allrounder,,,,,,,,,,,,,,,,,All-Rounder,75.0,Sunrisers Hyderabad,190.0,,,,,,
Robin Uthappa,,,,Pune Warriors India,,,Kolkata Knight Riders,200.0,500.0,Mumbai Indians,200.0,800.0,India,Batsman,,,,,,,,,,,,,,,,,Wicketkeeper,200.0,Kolkata Knight Riders [RTM],640.0,,,,,,
Rohit Sharma,,,,Mumbai Indians,,,,,,Deccan Chargers,150.0,750.0,India,Batsman,,,,,,,,,,,,,,,,,,,,,,,,,,
Irfan Pathan,,,,Delhi Daredevils,,,Sunrisers Hyderabad,150.0,240.0,Kings XI Punjab,200.0,925.0,India,Allrounder,,,,,,,Rising Pune Supergiant,100.0,100.0,,,,,150.0,Chennai Super Kings,150.0,,,,,,,,,,
Yuvraj Singh,,,,Pune Warriors India,,,Royal Challengers Bangalore,200.0,1400.0,,,,,,,,,,,,Sunrisers Hyderabad,200.0,700.0,Mumbai Indians,100.0,100.0,All-rounder,200.0,Delhi Daredevils,1600.0,All-Rounder,200.0,Kings XI Punjab,200.0,,,,,,
Mahela Jayawardene,,,,Kochi Tuskers Kerala,,,,,,Kings XI Punjab,250.0,475.0,Sri Lanka,Batsman,,,,,,,,,,,,,,,,,,,,,Delhi Daredevils,"$300,000","$1,400,000",,,
David Hussey,,,,Kings XI Punjab,,,,,,Kolkata Knight Riders,100.0,625.0,Australia,Batsman,,,,,,,,,,,,,,,,,,,,,,,,,,
Dale Steyn,,,,Deccan Chargers,,,,,,Royal Challengers Bangalore,150.0,325.0,South Africa,Bowler,,,,,,,Gujarat Lions,150.0,230.0,,,,,,,,,,,,,,,,,
Muttiah Muralitharan,,,,Kochi Tuskers Kerala,,,Royal Challengers Bangalore,100.0,100.0,Chennai Super Kings,250.0,600.0,Sri Lanka,Bowler,,,,,,,,,,,,,,,,,,,,,Royal Challengers Bangalore,"$200,000","$220,000",,,
Cameron White,,,,Deccan Chargers,,,,,,Royal Challengers Bangalore,100.0,500.0,Australia,Allrounder,,,,,,,,,,,,,,,,,,,,,,,,,,
Jacques Kallis,,,,Kolkata Knight Riders,,,Kolkata Knight Riders,200.0,550.0,Royal Challengers Bangalore,225.0,900.0,South Africa,Allrounder,,,,,,,,,,,,,,,,,,,,,,,,,,
AB de Villiers,,,,Royal Challengers Bangalore,,,,,,Delhi Daredevils,200.0,300.0,South Africa,Wicketkeeper,,,,,,,,,,,,,,,,,,,,,,,,,,
Ross Taylor,,,,Rajasthan Royals,,,Delhi Daredevils,200.0,200.0,,,,,,,,,,,,,,,,,,,,,,,,,,,,,,,
Ravindra Jadeja,,,,Kochi Tuskers Kerala,,,,,,,,,,,,,,,,,,,,,,,,,,,,,,,Chennai Super Kings,"$100,000","$2,000,000",,,
Johan Botha,,,,Rajasthan Royals,,,,,,,,,,,,,,Delhi Daredevils,"$300,000","$450,000",,,,,,,,,,,,,,,,,,,,
Dinesh Karthik,,,,Kings XI Punjab,,,Delhi Daredevils,200.0,1250.0,Delhi Daredevils,200.0,525.0,India,Wicketkeeper,,,,,,,Gujarat Lions,200.0,230.0,,,,,200.0,Royal Challengers Bangalore,1050.0,Wicketkeeper,200.0,Kolkata Knight Riders,740.0,,,,,,
Piyush Chawla,,,,Kings XI Punjab,,,Kolkata Knight Riders,50.0,425.0,Kings XI Punjab,125.0,400.0,India,Bowler,,,,,,,,,,,,,,,,,Bowler,100.0,Kolkata Knight Riders [RTM],420.0,,,,,,
Sreesanth,,,,Kochi Tuskers Kerala,,,,,,Kings XI Punjab,200.0,625.0,India,Bowler,,,,,,,,,,,,,,,,,,,,,Rajasthan Royals,"$400,000","$400,000",,,
Adam Gilchrist,,,,Kings XI Punjab,,,,,,Deccan Chargers,300.0,700.0,Australia,Wicket keeper,,,,,,,,,,,,,,,,,,,,,,,,,,
Zaheer Khan,,,,Royal Challengers Bangalore,,,Mumbai Indians,100.0,260.0,Royal Challengers Bangalore,200.0,450.0,India,Bowler,,,,,,,,,,,,,,100.0,Delhi Daredevils,400.0,,,,,,,,,,
Dan Christian,,,,Deccan Chargers,,,,,,,,,,,,,,,,,,,,,,,,,,,,,,,,,,,,
Ravichandran Ashwin,,,,Chennai Super Kings,,,,,,,,,,,,,,,,,,,,,,,,,,,All-Rounder,200.0,Kings XI Punjab,760.0,,,,,,
Ashish Nehra,,,,Pune Warriors India,,,Chennai Super Kings,200.0,200.0,,,,,,,,,,,,Sunrisers Hyderabad,200.0,550.0,,,,,,,,,,,,,,,,,
Andrew Symonds,,,,Mumbai Indians,,,,,,Deccan Chargers,250.0,1350.0,Australia,Allrounder,,,,,,,,,,,,,,,,,,,,,,,,,,
Subramaniam Badrinath,,,,Chennai Super Kings,,,,,,,,,,,,,,,,,,,,,,,,30.0,Royal Challengers Bangalore,30.0,,,,,,,,,,
Praveen Kumar,,,,Kings XI Punjab,,,,,,,,,,,,,,,,,Gujarat Lions,50.0,350.0,,,,,50.0,Sunrisers Hyderabad,220.0,,,,,,,,,,
Abhishek Nayar,,,,Kings XI Punjab,,,Rajasthan Royals,30.0,100.0,,,,,,,,,Pune Warriors India,"$100,000","$675,000",,,,,,,,,,,,,,,,,,,,
David Warner,,,,Delhi Daredevils,,,Sunrisers Hyderabad,150.0,550.0,,,,,,,,,,,,,,,,,,,,,,,,,,,,,,,
Umesh Yadav,,,,Delhi Daredevils,,,Kolkata Knight Riders,100.0,260.0,,,,,,,,,,,,,,,,,,,,,,Bowler,100.0,Royal Challengers Bangalore,420.0,,,,,,
Venugopal Rao,,,,Delhi Daredevils,,,,,,,,,,,,,,,,,,,,,,,,,,,,,,,,,,,,
Kumar Sangakkara,,,,Deccan Chargers,,,,,,Kings XI Punjab,250.0,700.0,Sri Lanka,Wicketkeeper-batsman,,,,,,,,,,,,,,,,,,,,,,,,,,
Cheteshwar Pujara,,,,Royal Challengers Bangalore,,,Kings XI Punjab,150.0,190.0,,,,,,,,,,,,,,,,,,,,,,,,,,,,,,,
Doug Bollinger,,,,Chennai Super Kings,,,,,,,,,,,,,,,,,,,,,,,,,,,,,,,,,,,,
Dirk Nannes,,,,Royal Challengers Bangalore,,,,,,,,,,,,,,Chennai Super Kings,"$200,000","$600,000",,,,,,,,,,,,,,,,,,,,
Tillakaratne Dilshan,,,,Royal Challengers Bangalore,,,,,,Delhi Daredevils,152.0,250.0,Sri Lanka,Allrounder,,,,,,,,,,,,,,,,,,,,,,,,,,
Kevin Pietersen,,,,Deccan Chargers,,,Delhi Daredevils,200.0,900.0,,,,,,,,,,,,Rising Pune Supergiant,200.0,300.0,,,,,200.0,Sunrisers Hyderabad,200.0,,,,,,,,Royal Challengers Bangalore,"$1,550,000","$1,350,000"
Daniel Vettori,,,,Royal Challengers Bangalore,,,,,,Delhi Daredevils,250.0,625.0,New Zealand,Bowler,,,,,,,,,,,,,,,,,,,,,,,,,,
Pragyan Ojha,,,,Deccan Chargers,,,Mumbai Indians [RTM],200.0,325.0,,,,,,,,,,,,,,,,,,,50.0,Mumbai Indians,50.0,,,,,,,,,,
Rahul Dravid,,,,Rajasthan Royals,,,,,,,,,,,,,,,,,,,,,,,,,,,,,,,,,,,,
Graeme Smith,,,,Pune Warriors India,,,,,,Rajasthan Royals,250.0,250.0,South Africa,Batsman,,,,,,,,,,,,,,,,,,,,,,,,,,
RP Singh,,,,Kochi Tuskers Kerala,,,,,,,,,,,,,,,,,,,,,,,,,,,,,,,,,,,,
Lakshmipathy Balaji,,,,Kolkata Knight Riders,,,Kings XI Punjab,50.0,180.0,,,,,,,,,,,,,,,,,,,,,,,,,,,,,,,
Morné Morkel,,,,Delhi Daredevils,,,,,,,,,,,,,,,,,,,,,,,,,,,,,,,,,,,,
Brendon McCullum,,,,Kochi Tuskers Kerala,,,Chennai Super Kings,200.0,325.0,Kolkata Knight Riders,175.0,700.0,New Zealand,Wicketkeeper,,,,,,,,,,,,,,,,,Batsman,200.0,Royal Challengers Bangalore,360.0,Kolkata Knight Riders,"$400,000","$900,000",,,
Vinay Kumar,,,,Kochi Tuskers Kerala,,,,,,,,,,,,,,,,,,,,,,,,,,,Bowler,100.0,Kolkata Knight Riders,100.0,Royal Challengers Bangalore,"$100,000","$1,000,000",,,
Ishant Sharma,,,,Deccan Chargers,,,Sunrisers Hyderabad,150.0,425.0,Kolkata Knight Riders,150.0,950.0,India,Bowler,,,,,,,Rising Pune Supergiant,200.0,380.0,Delhi Capitals,75.0,110.0,Bowler,,,,,,,,,,,,,
Brad Hodge,,,,Kochi Tuskers Kerala,,,Rajasthan Royals,200.0,240.0,,,,,,,,,,,,,,,,,,,,,,,,,,Rajasthan Royals,"$200,000","$475,000",,,
Shakib Al Hasan,,,,Kolkata Knight Riders,,,Kolkata Knight Riders,100.0,280.0,,,,,,,,,,,,,,,,,,,,,,All-Rounder,100.0,Sunrisers Hyderabad,200.0,,,,,,
Michael Hussey,,,,Chennai Super Kings,,,Mumbai Indians,200.0,500.0,Chennai Super Kings,250.0,250.0,Australia,Batsman,,,,,,,,,,,,,,150.0,Chennai Super Kings,150.0,,,,,,,,,,
Brett Lee,,,,Kolkata Knight Riders,,,,,,Kings XI Punjab,300.0,900.0,Australia,Bowler,,,,,,,,,,,,,,,,,,,,,,,,,,
Shaun Marsh,,,,Kings XI Punjab,,,Kings XI Punjab,200.0,220.0,,,,,,,,,,,,,,,,,,,,,,,,,,,,,,,
Stuart Broad,,,,Kings XI Punjab,,,,,,,,,,,,,,,,,,,,,,,,,,,,,,,,,,,,
VVS Laxman,,,,Kochi Tuskers Kerala,,,,,,Deccan Chargers,150.0,375.0,India,Batsman,,,,,,,,,,,,,,,,,,,,,,,,,,
Murali Kartik,,,,Pune Warriors India,,,Kings XI Punjab[REC],100.0,100.0,Kolkata Knight Riders,200.0,425.0,India,Bowler,,,,,,,,,,,,,,,,,,,,,,,,,,
Ashok Dinda,,,,Delhi Daredevils,,,Royal Challengers Bangalore,100.0,150.0,,,,,,,,,,,,Rising Pune Supergiant,50.0,50.0,,,,,,,,,,,,,,,,,
James Hopes,,,,Delhi Daredevils,,,,,,,,,,,,,,,,,,,,,,,,,,,,,,,,,,,,
Ryan Harris,,,,Kings XI Punjab,,,,,,,,,,,,,,,,,,,,,,,,,,,,,,,,,,,,
Brad Haddin,,,,Kolkata Knight Riders,,,,,,,,,,,,,,,,,,,,,,,,,,,,,,,,,,,,
Callum Ferguson,,,,Pune Warriors India,,,,,,,,,,,,,,,,,,,,,,,,,,,,,,,,,,,,
Aaron Finch,,,,Delhi Daredevils,,,Sunrisers Hyderabad,100.0,400.0,,,,,,,,,,,,Gujarat Lions,100.0,100.0,,,,,100.0,Mumbai Indians,320.0,Batsman,150.0,Kings XI Punjab,620.0,,,,,,
Amit Mishra,,,,Deccan Chargers,,,Sunrisers Hyderabad,200.0,475.0,,,,,,,,,,,,Gujarat Lions,10.0,10.0,,,,,10.0,Delhi Daredevils,350.0,Bowler,150.0,Delhi Daredevils,400.0,,,,,,
Amit Mishra,,,,Deccan Chargers,,,Rajasthan Royals[REC],10.0,10.0,,,,,,,,,,,,Gujarat Lions,10.0,10.0,,,,,10.0,Delhi Daredevils,350.0,Bowler,150.0,Delhi Daredevils,400.0,,,,,,
Shikhar Dhawan,,,,Deccan Chargers,,,,,,,,,,,,,,,,,,,,,,,,,,,Batsman,200.0,Sunrisers Hyderabad[RTM],520.0,,,,,,
JP Duminy,,,,Deccan Chargers,,,,,,,,,,,,,,,,,,,,,,,,,,,,,,,,,,Mumbai Indians,"$950,000","$300,000"
Shaun Tait,,,,Rajasthan Royals,,,,,,,,,,,,,,,,,,,,,,,,,,,,,,,,,,Rajasthan Royals,"$375,000","$250,000"
Parthiv Patel,,,,Kochi Tuskers Kerala,,,Royal Challengers Bangalore,100.0,275.0,Chennai Super Kings,150.0,325.0,India,Wicketkeeper,,,,,,,,,,,,,,,,,Wicketkeeper,100.0,Royal Challengers Bangalore,170.0,Deccan Chargers,"$200,000","$650,000",,,
Mitchell Marsh,,,,Pune Warriors India,,,,,,,,,,,,,,,,,Rising Pune Supergiant,200.0,480.0,,,,,,,,,,,,,,,,,
Naman Ojha,,,,Delhi Daredevils,,,Sunrisers Hyderabad,50.0,50.0,,,,,,,,,,,,,,,,,,,,,,Wicketkeeper,75.0,Delhi Daredevils,140.0,,,,,,
Tim Paine,,,,Pune Warriors India,,,,,,,,,,,,,,,,,,,,,,,,,,,,,,,,,,,,
Abhimanyu Mithun,,,,Royal Challengers Bangalore,,,,,,,,,,,,,,,,,Sunrisers Hyderabad,30.0,30.0,,,,,30.0,Mumbai Indians,30.0,,,,,,,,,,
Paul Collingwood,,,,Rajasthan Royals,,,,,,,,,,,,,,,,,,,,,,,,,,,,,,,,,,Delhi Daredevils,"$275,000","$250,000"
Sudeep Tyagi,,,,Chennai Super Kings,,,,,,,,,,,,,,Sunrisers Hyderabad,"$100,000","$100,000",,,,,,,,,,,,,,,,,,,,
Ajit Agarkar,,,,Delhi Daredevils,,,,,,Kolkata Knight Riders,200.0,350.0,India,Allrounder,,,,,,,,,,,,,,,,,,,,,,,,,,
Steve Smith,,,,Kochi Tuskers Kerala,,,Rajasthan Royals,200.0,400.0,,,,,,,,,,,,,,,,,,,,,,,,,,,,,,,
Dwayne Bravo,,,,Chennai Super Kings,,,,,,,,,,,,,,,,,,,,,,,,,,,All-Rounder,200.0,Chennai Super Kings[RTM],640.0,,,,,,
Owais Shah,,,,Kochi Tuskers Kerala,,,,,,,,,,,,,,,,,,,,,,,,,,,,,,,,,,Delhi Daredevils,"$275,000","$150,000"
Scott Styris,,,,Chennai Super Kings,,,,,,Deccan Chargers,175.0,175.0,New Zealand,Allrounder,,,,,,,,,,,,,,,,,,,,,,,,,,
Davy Jacobs,,,,Mumbai Indians,,,,,,,,,,,,,,,,,,,,,,,,,,,,,,,,,,,,
Ramesh Powar,,,,Kochi Tuskers Kerala,,,,,,Kings XI Punjab,150.0,170.0,India,Bowler,,,,,,,,,,,,,,,,,,,,,Kings XI Punjab,"$100,000","$160,000",,,
Wayne Parnell,,,,Pune Warriors India,,,Delhi Daredevils[REC],100.0,100.0,,,,,,Delhi Daredevils,610000.0,200000.0,,,,,,,,,,,,,,,,,,,,,,,
Ryan ten Doeschate,,,,Kolkata Knight Riders,,,,,,,,,,,,,,,,,,,,,,,,,,,,,,,,,,,,
Jesse Ryder,,,,Pune Warriors India,,,,,,,,,,,,,,Delhi Daredevils,"$100,000","$260,000",,,,,,,,,,,,,,,,,,Royal Challengers Bangalore,"$160,000","$100,000"
Joginder Sharma,,,,Chennai Super Kings,,,,,,Chennai Super Kings,100.0,225.0,India,Allrounder,,,,,,,,,,,,,,,,,,,,,,,,,,
Charl Langeveldt,,,,Royal Challengers Bangalore,,,,,,,,,,,,,,,,,,,,,,,,,,,,,,,,,,,,
Mohammad Kaif,,,,Royal Challengers Bangalore,,,,,,Rajasthan Royals,125.0,675.0,India,Batsman,Kings XI Punjab,250000.0,100000.0,,,,,,,,,,,,,,,,,,,,,,,
Francois du Plessis,,,,Chennai Super Kings,,,,,,,,,,,,,,,,,,,,,,,,,,,,,,,,,,,,
Clint McKay,,,,Mumbai Indians,,,,,,,,,,,,,,Sunrisers Hyderabad,"$100,000","$100,000",,,,,,,,,,,,,,,,,,,,
Nathan McCullum,,,,Pune Warriors India,,,,,,,,,,,,,,Sunrisers Hyderabad,"$100,000","$100,000",,,,,,,,,,,,,,,,,,,,
James Franklin,,,,Mumbai Indians,,,,,,,,,,,,,,,,,,,,,,,,,,,,,,,,,,,,
Wriddhiman Saha,,,,Chennai Super Kings,,,Kings XI Punjab,100.0,220.0,,,,,,,,,,,,,,,Sunrisers Hyderabad,100.0,120.0,Wicketkeeper,,,,Wicketkeeper,100.0,Sunrisers Hyderabad,500.0,,,,,,
Jerome Taylor,,,,Pune Warriors India,,,,,,,,,,,,,,,,,,,,,,,,,,,,,,,,,,Kings XI Punjab,"$150,000","$150,000"
James Pattinson,,,,Kolkata Knight Riders,,,,,,,,,,,,,,,,,,,,,,,,,,,,,,,,,,,,
Alfonso Thomas,,,,Pune Warriors India,,,,,,,,,,,,,,,,,,,,,,,,,,,,,,,,,,,,
Nuwan Kulasekara,,,,Chennai Super Kings,,,,,,,,,,,,,,,,,,,,,,,,,,,,,,,,,,,,
Matthew Wade,,,,Delhi Daredevils,,,,,,,,,,,,,,,,,,,,,,,,,,,,,,,,,,,,
Dimitri Mascarenhas,,,,Kings XI Punjab,,,,,,,,,,,,,,,,,,,,,,,,,,,,,,,,,,,,
Colin Ingram,,,,Delhi Daredevils,,,,,,,,,,,,,,,,,,,,Delhi Capitals,200.0,640.0,Batsman,,,,,,,,,,,,,
Ben Hilfenhaus,,,,Chennai Super Kings,,,Chennai Super Kings,100.0,100.0,,,,,,,,,,,,,,,,,,,,,,,,,,,,,,,
Pankaj Singh,,,,Rajasthan Royals,,,,,,,,,,,,,,Royal Challengers Bangalore,"$50,000","$150,000",,,,,,,,,,,,,,,,,,,,
Rusty Theron,,,,Deccan Chargers,,,,,,,,,,,,,,,,,,,,,,,,30.0,Rajasthan Royals,30.0,,,,,,,,,,
Suraj Randiv,,,,Chennai Super Kings,,,,,,,,,,,,,,,,,,,,,,,,,,,,,,,,,,,,
John Hastings,,,,Kochi Tuskers Kerala,,,Chennai Super Kings[REC],50.0,50.0,,,,,,,,,,,,Kolkata Knight Riders,100.0,130.0,,,,,,,,,,,,,,,,,
Andrew McDonald,,,,Delhi Daredevils,,,,,,,,,,,,,,,,,,,,,,,,,,,,,,,,,,,,
Thissara Perera,,,,Kochi Tuskers Kerala,,,,,,,,,,,Chennai Super Kings,50000.0,50000.0,,,,,,,,,,,,,,,,,,,,,,,
Michael Lumb,,,,Deccan Chargers,,,,,,,,,,,,,,,,,,,,,,,,,,,,,,,,,,,,
Michael Klinger,,,,Kochi Tuskers Kerala,,,,,,,,,,,,,,,,,,,,,,,,,,,,,,,,,,,,
Johan van der Wath,,,,Royal Challengers Bangalore,,,,,,,,,,,,,,,,,,,,,,,,,,,,,,,,,,,,
Moises Henriques,,,,Mumbai Indians,,,Sunrisers Hyderabad,100.0,100.0,,,,,,,,,,,,,,,Kings XI Punjab,100.0,100.0,All-rounder,,,,,,,,,,,,,
George Bailey,,,,Chennai Super Kings,,,Kings XI Punjab,200.0,325.0,,,,,,,,,,,,,,,,,,,,,,,,,,,,,Chennai Super Kings,"$50,000","$50,000"
Roelof van der Merwe,,,,Delhi Daredevils,,,,,,,,,,,,,,,,,,,,,,,,,,,,,,,,,,,,
Luke Pomersbach,,,,Royal Challengers Bangalore,,,,,,,,,,,,,,Kings XI Punjab,"$50,000","$300,000",,,,,,,,,,,,,,,,,,,,
Rilee Rossouw,,,,Royal Challengers Bangalore,,,,,,,,,,,,,,,,,,,,,,,,,,,,,,,,,,,,
Nuwan Pradeep,,,,Royal Challengers Bangalore,,,,,,,,,,,,,,,,,,,,,,,,,,,,,,,,,,,,
Chris Lynn,,,,Deccan Chargers,,,Kolkata Knight Riders[RTM],50.0,130.0,,,,,,,,,,,,,,,,,,,,,,Batsman,200.0,Kolkata Knight Riders,960.0,,,,,,
Travis Birt,,,,Delhi Daredevils,,,,,,,,,,,,,,,,,,,,,,,,,,,,,,,,,,,,
Nathan Rimmington,,,,Kings XI Punjab,,,,,,,,,,,,,,,,,,,,,,,,,,,,,,,,,,,,
Jonathan Vandiar,,,,Royal Challengers Bangalore,,,,,,,,,,,,,,,,,,,,,,,,,,,,,,,,,,,,
Aiden Blizzard,,,,Mumbai Indians,,,,,,,,,,,,,,,,,,,,,,,,30.0,Mumbai Indians,30.0,,,,,,,,,,
Robert Frylinck,,,,Delhi Daredevils,,,,,,,,,,,,,,,,,,,,,,,,,,,,,,,,,,,,
Stephen O'Keefe,,,,Kochi Tuskers Kerala,,,,,,,,,,,,,,,,,,,,,,,,,,,,,,,,,,,,
Virender Sehwag,,,,,,,Kings XI Punjab,200.0,320.0,,,,,,,,,,,,,,,,,,,,,,,,,,,,,,,
Murali Vijay,,,,,,,Delhi Daredevils,200.0,500.0,,,,,,,,,,,,,,,,,,,50.0,Kings XI Punjab,300.0,Batsman,200.0,Chennai Super Kings,200.0,,,,,,
Faf du Plessis,,,,,,,Chennai Super Kings,150.0,475.0,,,,,,,,,,,,,,,,,,,,,,Batsman,150.0,Chennai Super Kings[RTM],160.0,,,,,,
Jean-Paul Duminy,,,,,,,Delhi Daredevils,100.0,220.0,,,,,,,,,,,,,,,,,,,,,,All-Rounder,100.0,Mumbai Indians,100.0,,,,,,
Dwayne Smith,,,,,,,Chennai Super Kings,150.0,450.0,,,,,,,,,,,,Gujarat Lions,50.0,230.0,,,,,,,,,,,,,,,Deccan Chargers,"$100,000","$100,000"
Quinton de Kock,,,,,,,Delhi Dardevils,100.0,350.0,,,,,,,,,Sunrisers Hyderabad,"$20,000","$20,000",,,,,,,,,,,Wicketkeeper,200.0,Royal Challengers Bangalore,280.0,,,,,,
Albie Morkel,,,,,,,Royal Challengers Bangalore,150.0,240.0,Chennai Super Kings,225.0,675.0,South Africa,Allrounder,,,,,,,,,,,,,,30.0,Delhi Daredevils,30.0,,,,,,,,,,
Thisara Perera,,,,,,,Kings XI Punjab,50.0,160.0,,,,,,,,,Sunrisers Hyderabad,"$50,000","$675,000",Rising Pune Supergiant,100.0,100.0,,,,,,,,,,,,Mumbai Indians,"$50,000","$650,000",,,
Bhuvneshwar Kumar,,,,,,,Sunrisers Hyderabad,150.0,425.0,,,,,,,,,,,,,,,,,,,,,,,,,,,,,,,
Morne Morkel,,,,,,,Kolkata Knight Riders,150.0,280.0,,,,,,,,,,,,,,,,,,,,,,,,,,,,,,,
Ravi Rampaul,,,,,,,Royal Challengers Bangalore,50.0,90.0,,,,,,,,,Royal Challengers Bangalore,"$50,000","$290,000",,,,,,,,,,,,,,,,,,,,
Mohammed Shami,,,,,,,Delhi Dardevils,100.0,425.0,,,,,,,,,,,,,,,,,,,,,,Bowler,100.0,Delhi Daredevils[RTM],300.0,,,,,,
Mitchell Starc,,,,,,,Royal Challengers Bangalore,200.0,500.0,,,,,,,,,,,,,,,,,,,,,,Bowler,200.0,Kolkata Knight Riders,940.0,,,,,,
Ranganath Vinay Kumar,,,,,,,Kolkata Knight Riders,150.0,280.0,,,,,,,,,,,,,,,,,,,,,,,,,,,,,,,
Rahul Sharma,,,,,,,Delhi Daredevils,50.0,190.0,,,,,,,,,,,,,,,,,,,30.0,Chennai Super Kings,30.0,,,,,,,,,,
Nic Maddinson,,,,,,,Royal Challengers Bangalore,50.0,50.0,,,,,,,,,,,,,,,,,,,,,,,,,,,,,,,
Brendan Taylor,,,,,,,Sunrisers Hyderabad,30.0,30.0,,,,,,,,,,,,,,,,,,,,,,,,,,,,,,,
Glenn Maxwell,,,,,,,Kings XI Punjab,100.0,600.0,,,,,,,,,Mumbai Indians,"$200,000","$1,000,000",,,,,,,,,,,All-Rounder,200.0,Delhi Daredevils,900.0,,,,,,
Laxmi Ratan Shukla,,,,,,,Delhi Daredevils,50.0,150.0,,,,,,,,,,,,,,,,,,,30.0,Sunrisers Hyderabad,30.0,,,,,,,,,,
Andre Russell,,,,,,,Kolkata Knight Riders[REC],50.0,60.0,,,,,,,,,,,,,,,,,,,,,,,,,,Delhi Daredevils,"$50,000","$450,000",,,
Parvinder Awana,,,,,,,Kings XI Punjab [RTM],50.0,65.0,,,,,,,,,,,,,,,,,,,,,,,,,,,,,,,
Mohit Sharma,,,,,,,Chennai Super Kings,100.0,200.0,,,,,,,,,,,,Kings XI Punjab,150.0,650.0,Chennai Super Kings,50.0,500.0,Bowler,,,,Bowler,150.0,Kings XI Punjab[RTM],240.0,,,,,,
Samuel Badree,,,,,,,Chennai Super Kings,30.0,30.0,,,,,,,,,,,,Royal Challengers Bangalore,50.0,50.0,,,,,,,,,,,,,,,,,
Yalaka Venugopal Rao,,,,,,,Sunrisers Hyderabad,30.0,55.0,,,,,,,,,,,,,,,,,,,,,,,,,,,,,,,
James Neesham,,,,,,,Delhi Daredevils,30.0,100.0,,,,,,,,,,,,,,,,,,,30.0,Kolkata Knight Riders,50.0,,,,,,,,,,
Ben Cutting,,,,,,,Rajasthan Royals,50.0,80.0,,,,,,,,,,,,Sunrisers Hyderabad,50.0,50.0,,,,,,,,All-Rounder,100.0,Mumbai Indians,220.0,,,,,,
Josh Hazlewood,,,,,,,Mumbai Indians,50.0,50.0,,,,,,,,,,,,,,,,,,,,,,,,,,,,,,,
Jason Holder,,,,,,,Sunrisers Hyderabad,50.0,75.0,,,,,,,,,Chennai Super Kings,"$20,000","$20,000",Kolkata Knight Riders,50.0,70.0,,,,,,,,,,,,,,,,,
Kane Richardson,,,,,,,Rajasthan Royals,100.0,100.0,,,,,,,,,Pune Warriors India,"$100,000","$700,000",Royal Challengers Bangalore,200.0,200.0,,,,,,,,,,,,,,,,,
Tim Southee,,,,,,,Rajasthan Royals,50.0,120.0,,,,,,,,,,,,Mumbai Indians,100.0,250.0,,,,,,,,Bowler,100.0,Royal Challengers Bangalore,100.0,,,,,,
Patrick Cummins,,,,,,,Kolkata Knight Riders[REC],100.0,100.0,,,,,,,,,,,,,,,,,,,,,,,,,,,,,,,
Marchant de Lange,,,,,,,Mumbai Indians[REC],30.0,30.0,,,,,,,,,,,,,,,,,,,,,,,,,,Kolkata Knight Riders,"$50,000","$50,000",,,
Krishmar Santokie,,,,,,,Mumbai Indians[REC],30.0,30.0,,,,,,,,,,,,,,,,,,,,,,,,,,,,,,,
Mayank Agarwal,,,,,,,Delhi Daredevils,10.0,160.0,,,,,,,,,,,,,,,,,,,,,,Batsman,20.0,Kings XI Punjab,100.0,,,,,,
Srikkanth Anirudha,,,,,,,Sunrisers Hyderabad,20.0,20.0,,,,,,,,,,,,,,,,,,,,,,,,,,,,,,,
Baba Aparajith,,,,,,,Chennai Super Kings,10.0,10.0,,,,,,,,,,,,Rising Pune Supergiant,10.0,10.0,,,,,,,,,,,,,,,,,
Unmukt Chand,,,,,,,Rajasthan Royals,30.0,65.0,,,,,,,,,,,,,,,,,,,,,,,,,,,,,,,
Kedar Jadhav,,,,,,,Delhi Daredevils[RTM],30.0,200.0,,,,,,,,,,,,,,,,,,,,,,All-Rounder,200.0,Chennai Super Kings,780.0,,,,,,
Manprit Juneja,,,,,,,Sunrisers Hyderabad,10.0,10.0,,,,,,,,,,,,,,,,,,,,,,,,,,,,,,,
Gurkeerat Singh,,,,,,,Kings XI Punjab,20.0,130.0,,,,,,,,,,,,,,,Royal Challengers Bangalore,50.0,50.0,All-rounder,,,,All-Rounder,50.0,Delhi Daredevils,75.0,,,,,,
Manish Pandey,,,,,,,Kolkata Knight Riders,20.0,170.0,,,,,,,,,,,,,,,,,,,,,,Batsman,100.0,Sunrisers Hyderabad,1100.0,,,,,,
KL Rahul,,,,,,,Sunrisers Hyderabad,10.0,100.0,,,,,,,,,,,,,,,,,,,,,,Batsman,200.0,Kings XI Punjab,1100.0,,,,,,
Suryakumar Yadav,,,,,,,Kolkata Knight Riders,20.0,70.0,,,,,,,,,,,,,,,,,,,,,,Batsman,30.0,Mumbai Indians,320.0,,,,,,
Vijay Zol,,,,,,,Royal Challengers Bangalore,30.0,30.0,,,,,,,,,,,,,,,,,,,,,,,,,,,,,,,
Ankush Bains,,,,,,,Rajasthan Royals,10.0,10.0,,,,,,,,,,,,Rising Pune Supergiant,10.0,10.0,Delhi Capitals,20.0,20.0,Wicketkeeper,10.0,Chennai Super Kings,10.0,,,,,,,,,,
Manvinder Bisla,,,,,,,Kolkata Knight Riders,30.0,60.0,,,,,,,,,,,,,,,,,,,,,,,,,,,,,,,
Debabrata Das,,,,,,,Kolkata Knight Riders[REC],20.0,20.0,,,,,,,,,,,,,,,,,,,,,,,,,,,,,,,
Ben Dunk,,,,,,,Mumbai Indians[REC],20.0,20.0,,,,,,,,,,,,,,,,,,,,,,,,,,,,,,,
CM Gautam,,,,,,,Mumbai Indians,20.0,20.0,,,,,,,,,,,,,,,,,,,20.0,Delhi Daredevils,20.0,,,,,,,,,,
Sushant Marathe,,,,,,,Mumbai Indians,10.0,10.0,,,,,,,,,,,,,,,,,,,,,,,,,,,,,,,
Yogesh Takawale,,,,,,,Royal Challengers Bangalore[REC],10.0,10.0,,,,,,,,,,,,,,,,,,,,,,,,,,,,,,,
Iqbal Abdullah,,,,,,,Rajasthan Royals,30.0,65.0,,,,,,,,,,,,,,,,,,,,,,,,,,,,,,,
Rajat Bhatia,,,,,,,Rajasthan Royals,30.0,170.0,,,,,,,,,,,,Rising Pune Supergiant,30.0,60.0,,,,,,,,,,,,,,,,,
Kevon Cooper,,,,,,,Rajasthan Royals,30.0,30.0,,,,,,,,,,,,,,,,,,,,,,,,,,Rajasthan Royals,"$50,000","$50,000",,,
Mithun Manhas,,,,,,,Chennai Super Kings,30.0,30.0,,,,,,,,,,,,,,,,,,,,,,,,,,,,,,,
Parvez Rasool,,,,,,,Sunrisers Hyderabad,20.0,95.0,,,,,,,,,,,,,,,,,,,,,,,,,,,,,,,
Mandeep Singh,,,,,,,Kings XI Punjab,30.0,80.0,,,,,,,,,,,,,,,,,,,,,,Batsman,50.0,Royal Challengers Bangalore,140.0,,,,,,
Ryan Ten Doeschate,,,,,,,Kolkata Knight Riders,100.0,100.0,,,,,,,,,,,,,,,,,,,,,,,,,,,,,,,
Abu Nechim Ahmed,,,,,,,Royal Challengers Bangalore,30.0,30.0,,,,,,,,,,,,,,,,,,,,,,,,,,,,,,,
Jasprit Bumrah,,,,,,,Mumbai Indians,20.0,120.0,,,,,,,,,,,,,,,,,,,,,,,,,,,,,,,
Siddarth Kaul,,,,,,,Delhi Daredevils,20.0,45.0,,,,,,,,,,,,,,,,,,,10.0,Sunrisers Hyderabad,10.0,,,,,,,,,,
Dhawal Kulkarni,,,,,,,Rajasthan Royals,30.0,110.0,,,,,,,,,,,,Gujarat Lions,200.0,230.0,,,,,,,,Bowler,50.0,Rajasthan Royals[RTM],75.0,,,,,,
Ishwar Pandey,,,,,,,Chennai Super Kings,10.0,150.0,,,,,,,,,,,,Rising Pune Supergiant,20.0,20.0,,,,,,,,,,,,,,,,,
Prasanth Parameswaran,,,,,,,Sunrisers Hyderabad,30.0,30.0,,,,,,,,,,,,,,,,,,,,,,,,,,,,,,,
Sandeep Sharma,,,,,,,Kings XI Punjab,30.0,85.0,,,,,,,,,,,,,,,,,,,,,,Bowler,50.0,Sunrisers Hyderabad,300.0,,,,,,
Rahul Shukla,,,,,,,Delhi Daredevils,20.0,40.0,,,,,,,,,,,,,,,,,,,,,,,,,,,,,,,
Anureet Singh,,,,,,,Kings XI Punjab,20.0,20.0,,,,,,,,,,,,,,,,,,,,,,Bowler,30.0,Rajasthan Royals,30.0,,,,,,
Shreyas Gopal,,,,,,,Mumbai Indians,10.0,10.0,,,,,,,,,,,,,,,,,,,,,,All-Rounder,20.0,Rajasthan Royals,20.0,,,,,,
Shadab Jakati,,,,,,,Royal Challengers Bangalore,20.0,20.0,,,,,,,,,,,,Gujarat Lions,20.0,20.0,,,,,,,,,,,,,,,,,
Shahbaz Nadeem,,,,,,,Delhi Daredevils[RTM],30.0,85.0,,,,,,,,,,,,,,,,,,,,,,Bowler,40.0,Delhi Daredevils,320.0,,,,,,
Yuzvendra Chahal,,,,,,,Royal Challengers Bangalore,10.0,10.0,,,,,,,,,,,,,,,,,,,,,,Bowler,200.0,Royal Challengers Bangalore [RTM],600.0,,,,,,
Kuldeep Yadav,,,,,,,Kolkata Knight Riders,10.0,40.0,,,,,,,,,,,,,,,,,,,,,,Bowler,150.0,Kolkata Knight Riders [RTM],580.0,,,,,,
Karun Nair,,,,,,,Rajasthan Royals,10.0,75.0,,,,,,,,,,,,Delhi Daredevils,10.0,400.0,,,,,,,,Batsman,50.0,Kings XI Punjab,560.0,,,,,,
Apoorv Vijay Wankhade,,,,,,,Mumbai Indians[REC],10.0,10.0,,,,,,,,,,,,,,,,,,,,,,,,,,,,,,,
Amit Paunikar,,,,,,,Sunrisers Hyderabad,20.0,20.0,,,,,,,,,,,,,,,,,,,,,,,,,,,,,,,
Dishant Yagnik,,,,,,,Rajasthan Royals,30.0,30.0,,,,,,,,,,,,,,,,,,,,,,,,,,,,,,,
Akshar Patel,,,,,,,Kings XI Punjab,20.0,75.0,,,,,,,,,,,,,,,,,,,,,,,,,,,,,,,
Jalaj Saxena,,,,,,,Mumbai Indians,20.0,90.0,,,,,,,,,,,,,,,Delhi Capitals,20.0,20.0,All-rounder,10.0,Royal Challengers Bangalore,10.0,,,,,,,,,,
Vijay Shankar,,,,,,,Chennai Super Kings,10.0,10.0,,,,,,,,,,,,Sunrisers Hyderabad,10.0,35.0,,,,,,,,All-Rounder,40.0,Delhi Daredevils,320.0,,,,,,
Beuran Hendricks,,,,,,,Kings XI Punjab,30.0,180.0,,,,,,,,,,,,,,,,,,,,,,,,,,,,,,,
Vikramjeet Malik,,,,,,,Rajasthan Royals,20.0,20.0,,,,,,,,,,,,Royal Challengers Bangalore,20.0,20.0,,,,,,,,,,,,,,,,,
Ronit More,,,,,,,Chennai Super Kings,10.0,10.0,,,,,,,,,,,,,,,,,,,,,,,,,,,,,,,
Harshal Patel,,,,,,,Royal Challengers Bangalore[RTM],30.0,40.0,,,,,,,,,,,,,,,,,,,,,,All-Rounder,20.0,Delhi Daredevils,20.0,,,,,,
Veer Pratap Singh,,,,,,,Kolkata Knight Riders,20.0,40.0,,,,,,,,,,,,,,,,,,,,,,,,,,,,,,,
Ashish Reddy,,,,,,,Sunrisers Hyderabad[REC],20.0,20.0,,,,,,,,,,,,,,,,,,,,,,,,,,,,,,,
Pawan Suyal,,,,,,,Mumbai Indians,10.0,10.0,,,,,,,,,,,,Delhi Daredevils,10.0,10.0,,,,,,,,,,,,,,,,,
Sandeep Warrier,,,,,,,Royal Challengers Bangalore,10.0,10.0,,,,,,,,,,,,,,,,,,,,,,,,,,,,,,,
Ankit Nagendra Sharma,,,,,,,Rajasthan Royals[REC],10.0,10.0,,,,,,,,,,,,,,,,,,,,,,,,,,,,,,,
Ricky Bhui,,,,,,,Sunrisers Hyderabad[REC],10.0,10.0,,,,,,,,,,,,,,,,,,,,,,Batsman,20.0,Sunrisers Hyderabad,20.0,,,,,,
Jayant Yadav,,,,,,,Delhi Daredevils[REC],10.0,10.0,,,,,,,,,,,,,,,,,,,,,,All-Rounder,50.0,Delhi Daredevils,50.0,,,,,,
Sachin Rana,,,,,,,Royal Challengers Bangalore[REC],20.0,20.0,,,,,,,,,,,,,,,,,,,,,,,,,,,,,,,
HS Sharath,,,,,,,Delhi Daredevils[REC],10.0,10.0,,,,,,,,,,,,,,,,,,,,,,,,,,,,,,,
Shivam Sharma,,,,,,,Kings XI Punjab[REC],10.0,10.0,,,,,,,,,,,,,,,,,,,,,,,,,,,,,,,
Deepak Hooda,,,,,,,Rajasthan Royals[REC],10.0,40.0,,,,,,,,,,,,Sunrisers Hyderabad,10.0,420.0,,,,,,,,All-Rounder,40.0,Sunrisers Hyderabad[RTM],360.0,,,,,,
Chama Milind,,,,,,,Sunrisers Hyderabad[REC],10.0,10.0,,,,,,,,,,,,Delhi Daredevils,10.0,10.0,,,,,,,,,,,,,,,,,
Shardul Thakur,,,,,,,Kings XI Punjab[REC],10.0,20.0,,,,,,,,,,,,,,,,,,,,,,Bowler,75.0,Chennai Super Kings,260.0,,,,,,
Tanmay Mishra,,,,,,,Royal Challengers Bangalore[REC],10.0,10.0,,,,,,,,,,,,,,,,,,,,,,,,,,,,,,,
Sayan Sekhar Mondal,,,,,,,Kolkata Knight Riders[REC],10.0,10.0,,,,,,,,,,,,,,,,,,,,,,,,,,,,,,,
Karanveer Singh,,,,,,,Kings XI Punjab[REC],10.0,10.0,,,,,,,,,,,,,,,,,,,,,,,,,,,,,,,
Milind Kumar,,,,,,,Delhi Daredevils[REC],10.0,10.0,,,,,,,,,,,,,,,Royal Challengers Bangalore,20.0,20.0,All-rounder,,,,,,,,,,,,,
Shane Warne,,,,,,,,,,Rajasthan Royals,450.0,450.0,Australia,Bowler,,,,,,,,,,,,,,,,,,,,,,,,,,
Mahendra Singh Dhoni,,,,,,,,,,Chennai Super Kings,400.0,1500.0,India,Wicketkeeper,,,,,,,,,,,,,,,,,,,,,,,,,,
Shoaib Akhtar,,,,,,,,,,Kolkata Knight Riders,250.0,425.0,Pakistan,Bowler,,,,,,,,,,,,,,,,,,,,,,,,,,
Anil Kumble,,,,,,,,,,Royal Challengers Bangalore,250.0,500.0,India,Bowler,,,,,,,,,,,,,,,,,,,,,,,,,,
Glenn McGrath,,,,,,,,,,Delhi Daredevils,350.0,350.0,Australia,Bowler,,,,,,,,,,,,,,,,,,,,,,,,,,
Mohammed Yousuf,,,,,,,,,,Unsold,350.0,,Pakistan,Batsman,,,,,,,,,,,,,,,,,,,,,,,,,,
Harbhajan Singh,,,,,,,,,,Mumbai Indians,250.0,850.0,India,Bowler,,,,,,,,,,,,,,,,,Bowler,200.0,Chennai Super Kings,200.0,,,,,,
Sanath Jayasuriya,,,,,,,,,,Mumbai Indians,250.0,975.0,Sri Lanka,Allrounder,,,,,,,,,,,,,,,,,,,,,,,,,,
Ricky Ponting,,,,,,,,,,Kolkata Knight Riders,335.0,400.0,Australia,Batsman,,,,Mumbai Indians,"$400,000","$400,000",,,,,,,,,,,,,,,,,,,,
Matthew Hayden,,,,,,,,,,Chennai Super Kings,225.0,375.0,Australia,Batsman,,,,,,,,,,,,,,,,,,,,,,,,,,
Jacob Oram,,,,,,,,,,Chennai Super Kings,200.0,675.0,New Zealand,Allrounder,,,,Mumbai Indians,"$50,000","$50,000",,,,,,,,,,,,,,,,,,,,
Stephen Fleming,,,,,,,,,,Chennai Super Kings,350.0,350.0,New Zealand,Batsman,,,,,,,,,,,,,,,,,,,,,,,,,,
Herschelle Gibbs,,,,,,,,,,Deccan Chargers,250.0,575.0,South Africa,Batsman,,,,,,,,,,,,,,,,,,,,,Mumbai Indians,"$50,000","$50,000",,,
Chris Gayle,,,,,,,,,,Kolkata Knight Riders,250.0,800.0,West Indies,Allrounder,,,,,,,,,,,,,,,,,Batsman,200.0,Kings XI Punjab,200.0,,,,,,
Shoaib Malik,,,,,,,,,,Delhi Daredevils,300.0,500.0,Pakistan,Allrounder,,,,,,,,,,,,,,,,,,,,,,,,,,
Shahid Afridi,,,,,,,,,,Deccan Chargers,225.0,675.0,Pakistan,Allrounder,,,,,,,,,,,,,,,,,,,,,,,,,,
Younis Khan,,,,,,,,,,Rajasthan Royals,225.0,225.0,Pakistan,Batsman,,,,,,,,,,,,,,,,,,,,,,,,,,
Mohammad Asif,,,,,,,,,,Delhi Daredevils,225.0,650.0,Pakistan,Bowler,,,,,,,,,,,,,,,,,,,,,,,,,,
Mark Boucher,,,,,,,,,,Royal Challengers Bangalore,200.0,450.0,South Africa,Wicketkeeper,,,,,,,,,,,,,,,,,,,,,,,,,,
Kamran Akmal,,,,,,,,,,Rajasthan Royals,150.0,150.0,Pakistan,Wicketkeeper,,,,,,,,,,,,,,,,,,,,,,,,,,
Tatenda Taibu,,,,,,,,,,Kolkata Knight Riders,125.0,125.0,Zimbabwe,Wicketkeeper,,,,,,,,,,,,,,,,,,,,,,,,,,
Shaun Pollock,,,,,,,,,,Mumbai Indians,200.0,550.0,South Africa,Allrounder,,,,,,,,,,,,,,,,,,,,,,,,,,
Farveez Maharoof,,,,,,,,,,Delhi Daredevils,150.0,225.0,Sri Lanka,Allrounder,,,,,,,,,,,,,,,,,,,,,,,,,,
Ramnaresh Sarwan,,,,,,,,,,Kings XI Punjab,225.0,225.0,West Indies,Batsman,,,,,,,,,,,,,,,,,,,,,,,,,,
Simon Katich,,,,,,,,,,Kings XI Punjab,200.0,200.0,Australia,Batsman,,,,,,,,,,,,,,,,,,,,,,,,,,
Justin Langer,,,,,,,,,,Rajasthan Royals,200.0,200.0,Australia,Batsman,,,,,,,,,,,,,,,,,,,,,,,,,,
Shivnarine Chanderpaul,,,,,,,,,,Royal Challengers Bangalore,200.0,200.0,West Indies,Batsman,,,,,,,,,,,,,,,,,,,,,,,,,,
Ashwell Prince,,,,,,,,,,Unsold,175.0,,South Africa,Batsman,,,,,,,,,,,,,,,,,,,,,,,,,,
Wasim Jaffer,,,,,,,,,,Royal Challengers Bangalore,150.0,150.0,India,Batsman,,,,,,,,,,,,,,,,,,,,,,,,,,
Loots Bosman,,,,,,,,,,Mumbai Indians,150.0,175.0,South Africa,Batsman,,,,,,,,,,,,,,,,,,,,,,,,,,
Suresh Raina,,,,,,,,,,Chennai Super Kings,125.0,650.0,India,Batsman,,,,,,,,,,,,,,,,,,,,,,,,,,
Chamara Silva,,,,,,,,,,Deccan Chargers,100.0,100.0,Sri Lanka,Batsman,,,,,,,,,,,,,,,,,,,,,,,,,,
Nathan Bracken,,,,,,,,,,Royal Challengers Bangalore,225.0,325.0,Australia,Bowler,,,,,,,,,,,,,,,,,,,,,,,,,,
R P Singh,,,,,,,,,,Deccan Chargers,200.0,875.0,India,Bowler,,,,,,,,,,,,,,,,,,,,,,,,,,
Makhaya Ntini,,,,,,,,,,Chennai Super Kings,200.0,200.0,South Africa,Bowler,,,,,,,,,,,,,,,,,,,,,,,,,,
Lasith Malinga,,,,,,,,,,Mumbai Indians,200.0,350.0,Sri Lanka,Bowler,,,,,,,,,,Mumbai Indians,200.0,200.0,Bowler,,,,,,,,,,,,,
Chaminda Vaas,,,,,,,,,,Deccan Chargers,200.0,200.0,Sri Lanka,Bowler,,,,,,,,,,,,,,,,,,,,,,,,,,
Umar Gul,,,,,,,,,,Kolkata Knight Riders,150.0,150.0,Pakistan,Bowler,,,,,,,,,,,,,,,,,,,,,,,,,,
Dilhara Fernando,,,,,,,,,,Mumbai Indians,150.0,150.0,Sri Lanka,Bowler,,,,,,,,,,,,,,,,,,,,,,,,,,
Nuwan Zoysa,,,,,,,,,,Deccan Chargers,100.0,110.0,Sri Lanka,Bowler,,,,,,,,,,,,,,,,,,,,,,,,,,
Shane Bond†,,,,,,,,,,,,,,,Kolkata Knight Riders,750000.0,100000.0,,,,,,,,,,,,,,,,,,,,,,,
Kieron Pollard†,,,,,,,,,,,,,,,Mumbai Indians,750000.0,200000.0,,,,,,,,,,,,,,,,,,,,,,,
Kemar Roach,,,,,,,,,,,,,,,Deccan Chargers,720000.0,100000.0,,,,,,,,,,,,,,,,,,,,,,,
Damien Martyn,,,,,,,,,,,,,,,Rajasthan Royals,100000.0,100000.0,,,,,,,,,,,,,,,,,,,,,,,
Justin Kemp,,,,,,,,,,,,,,,Chennai Super Kings,100000.0,100000.0,,,,,,,,,,,,,,,,,,,,,,,
Adam Voges,,,,,,,,,,,,,,,Rajasthan Royals,50000.0,50000.0,,,,,,,,,,,,,,,,,,,,,,,
Yusuf Abdulla,,,,,,,,,,,,,,,Kings XI Punjab,50000.0,50000.0,,,,,,,,,,,,,,,,,,,,,,,
Christopher Barnwell,,,,,,,,,,,,,,,,,,Royal Challengers Bangalore,"$50,000","$50,000",,,,,,,,,,,,,,,,,,,,
Michael Clarke,,,,,,,,,,,,,,,,,,Pune Warriors India,"$400,000","$400,000",,,,,,,,,,,,,,,,,,,,
Akila Dananjaya,,,,,,,,,,,,,,,,,,Chennai Super Kings,"$20,000","$20,000",,,,,,,,,,,Bowler,50.0,Mumbai Indians,50.0,,,,,,
Fidel Edwards,,,,,,,,,,,,,,,,,,Rajasthan Royals,"$100,000","$210,000",,,,,,,,,,,,,,,,,,Deccan Chargers,"$150,000","$150,000"
James Faulkner,,,,,,,,,,,,,,,,,,Rajasthan Royals,"$100,000","$400,000",,,,,,,,,,,,,,,Kings XI Punjab,"$100,000","$190,000",,,
Moisés Henriques,,,,,,,,,,,,,,,,,,Royal Challengers Bangalore,"$100,000","$300,000",,,,,,,,,,,,,,,,,,,,
Phillip Hughes,,,,,,,,,,,,,,,,,,Mumbai Indians,"$100,000","$100,000",,,,,,,,,,,,,,,,,,,,
Ryan McLaren,,,,,,,,,,,,,,,,,,Kolkata Knight Riders,"$50,000","$50,000",,,,,,,,,,,,,,,,,,,,
Ajantha Mendis,,,,,,,,,,,,,,,,,,Pune Warriors India,"$50,000","$725,000",,,,,,,,,,,,,,,,,,,,
Jeevan Mendis,,,,,,,,,,,,,,,,,,Delhi Daredevils,"$50,000","$50,000",,,,,,,,,,,,,,,,,,,,
Chris Morris,,,,,,,,,,,,,,,,,,Chennai Super Kings,"$20,000","$625,000",Delhi Daredevils,50.0,700.0,,,,,50.0,Rajasthan Royals,140.0,,,,,,,,,,
Kusal Perera,,,,,,,,,,,,,,,,,,Rajasthan Royals,"$20,000","$20,000",,,,,,,,,,,,,,,,,,,,
Sachithra Senanayake,,,,,,,,,,,,,,,,,,Kolkata Knight Riders,"$50,000","$625,000",,,,,,,,,,,,,,,,,,,,
R. P. Singh,,,,,,,,,,,,,,,,,,Royal Challengers Bangalore,"$100,000","$400,000",Rising Pune Supergiant,30.0,30.0,,,,,,,,,,,,Mumbai Indians,"$200,000","$600,000",,,
Shane Watson,,,,,,,,,,,,,,,,,,,,,Royal Challengers Bangalore,200.0,950.0,,,,,,,,All-Rounder,100.0,Chennai Super Kings,400.0,,,,,,
Sanju Samson,,,,,,,,,,,,,,,,,,,,,Delhi Daredevils,200.0,420.0,,,,,,,,Wicketkeeper,100.0,Rajasthan Royals,800.0,,,,,,
Jos Buttler,,,,,,,,,,,,,,,,,,,,,Mumbai Indians,150.0,380.0,,,,,,,,Wicketkeeper,150.0,Rajasthan Royals,440.0,,,,,,
Colin Munro,,,,,,,,,,,,,,,,,,,,,Kolkata Knight Riders,30.0,30.0,,,,,,,,All-Rounder,50.0,Delhi Daredevils,190.0,,,,,,
Stuart Binny,,,,,,,,,,,,,,,,,,,,,Royal Challengers Bangalore,200.0,200.0,,,,,,,,All-Rounder,50.0,Rajasthan Royals,50.0,,,,,,
Carlos Brathwaite,,,,,,,,,,,,,,,,,,,,,Delhi Daredevils,30.0,420.0,Kolkata Knight Riders,75.0,500.0,All-rounder,,,,All-Rounder,100.0,Sunrisers Hyderabad,200.0,,,,,,
Marcus Stoinis,,,,,,,,,,,,,,,,,,,,,Kings XI Punjab,30.0,55.0,,,,,20.0,Delhi Daredevils,25.0,All-Rounder,200.0,Kings XI Punjab[RTM],620.0,,,,,,
Mustafizur Rahman,,,,,,,,,,,,,,,,,,,,,Sunrisers Hyderabad,50.0,140.0,,,,,,,,Bowler,100.0,Mumbai Indians,220.0,,,,,,
Kyle Abbott,,,,,,,,,,,,,,,,,,,,,Kings XI Punjab,30.0,210.0,,,,,30.0,Chennai Super Kings,30.0,,,,,,,,,,
Barinder Sran,,,,,,,,,,,,,,,,,,,,,Sunrisers Hyderabad,50.0,120.0,Mumbai Indians,50.0,340.0,Bowler,10.0,Rajasthan Royals,10.0,Bowler,50.0,Kings XI Punjab,220.0,,,,,,
Travis Head,,,,,,,,,,,,,,,,,,,,,Royal Challengers Bangalore,30.0,50.0,,,,,,,,,,,,,,,,,
Sachin Baby,,,,,,,,,,,,,,,,,,,,,Royal Challengers Bangalore,10.0,10.0,,,,,,,,Batsman,20.0,Sunrisers Hyderabad,20.0,,,,,,
Paras Dogra,,,,,,,,,,,,,,,,,,,,,Gujarat Lions,10.0,400.0,,,,,,,,,,,,,,,,,
Ishan Kishan,,,,,,,,,,,,,,,,,,,,,Gujarat Lions,10.0,35.0,,,,,,,,Wicketkeeper,40.0,Mumbai Indians,620.0,,,,,,
Rishabh Pant,,,,,,,,,,,,,,,,,,,,,Delhi Daredevils,10.0,190.0,,,,,,,,,,,,,,,,,
Iqbal Abdulla,,,,,,,,,,,,,,,,,,,,,Royal Challengers Bangalore,10.0,10.0,,,,,,,,,,,,,,,,,
Ankit Sharma,,,,,,,,,,,,,,,,,,,,,Rising Pune Supergiant,10.0,10.0,,,,,,,,All-Rounder,20.0,Rajasthan Royals,20.0,,,,,,
Pradeep Sangwan,,,,,,,,,,,,,,,,,,,,,Gujarat Lions,20.0,20.0,,,,,,,,Bowler,30.0,Mumbai Indians,150.0,,,,,,
Ankit Rajpoot,,,,,,,,,,,,,,,,,,,,,Kolkata Knight Riders,10.0,150.0,,,,,,,,Bowler,30.0,Kings XI Punjab,300.0,,,,,,
Shivil Kaushik,,,,,,,,,,,,,,,,,,,,,Gujarat Lions,10.0,10.0,,,,,,,,,,,,,,,,,
Sarabjit Ladda,,,,,,,,,,,,,,,,,,,,,Gujarat Lions,10.0,10.0,,,,,,,,,,,,,,,,,
Murugan Ashwin,,,,,,,,,,,,,,,,,,,,,Rising Pune Supergiant,10.0,450.0,Kings XI Punjab,20.0,20.0,Bowler,,,,Bowler,20.0,Royal Challengers Bangalore,220.0,,,,,,
KC Cariappa,,,,,,,,,,,,,,,,,,,,,Kings XI Punjab,10.0,80.0,,,,,10.0,Kolkata Knight Riders,240.0,,,,,,,,,,
Sam Billings,,,,,,,,,,,,,,,,,,,,,Delhi Daredevils,30.0,30.0,,,,,,,,Wicketkeeper,100.0,Chennai Super Kings,100.0,,,,,,
Tirumalasetti Suman,,,,,,,,,,,,,,,,,,,,,Sunrisers Hyderabad,10.0,10.0,,,,,,,,,,,,,,,,,
Umang Sharma,,,,,,,,,,,,,,,,,,,,,Gujarat Lions,10.0,10.0,,,,,,,,,,,,,,,,,
Peter Handscomb,,,,,,,,,,,,,,,,,,,,,Rising Pune Supergiant,30.0,30.0,,,,,,,,,,,,,,,,,
Jitesh Sharma,,,,,,,,,,,,,,,,,,,,,Mumbai Indians,10.0,10.0,,,,,,,,,,,,,,,,,
Armaan Jaffer,,,,,,,,,,,,,,,,,,,,,Kings XI Punjab,10.0,10.0,,,,,,,,,,,,,,,,,
Andrew Tye,,,,,,,,,,,,,,,,,,,,,Gujarat Lions,30.0,50.0,,,,,20.0,Chennai Super Kings,20.0,Bowler,100.0,Kings XI Punjab,720.0,,,,,,
Rajagopal Sathish,,,,,,,,,,,,,,,,,,,,,Kolkata Knight Riders,20.0,20.0,,,,,,,,,,,,,,,,,
Akshay Karnewar,,,,,,,,,,,,,,,,,,,,,Royal Challengers Bangalore,10.0,10.0,,,,,,,,,,,,,,,,,
Manan Sharma,,,,,,,,,,,,,,,,,,,,,Kolkata Knight Riders,10.0,10.0,,,,,,,,,,,,,,,,,
Deepak Chahar,,,,,,,,,,,,,,,,,,,,,Rising Pune Supergiant,10.0,10.0,,,,,,,,All-Rounder,20.0,Chennai Super Kings,80.0,,,,,,
Kishore Kamath,,,,,,,,,,,,,,,,,,,,,Mumbai Indians,10.0,140.0,,,,,,,,,,,,,,,,,
Pardeep Sahu,,,,,,,,,,,,,,,,,,,,,Kings XI Punjab,10.0,10.0,,,,,10.0,Rajasthan Royals,10.0,Bowler,20.0,Kings XI Punjab,20.0,,,,,,
Krunal Pandya,,,,,,,,,,,,,,,,,,,,,Mumbai Indians,10.0,200.0,,,,,,,,All-Rounder,40.0,Mumbai Indians[RTM],880.0,,,,,,
Deepak Punia,,,,,,,,,,,,,,,,,,,,,Mumbai Indians,10.0,10.0,,,,,,,,,,,,,,,,,
Swapnil Singh,,,,,,,,,,,,,,,,,,,,,Kings XI Punjab,10.0,10.0,,,,,,,,,,,,,,,,,
Khaleel Ahmed,,,,,,,,,,,,,,,,,,,,,Delhi Daredevils,10.0,10.0,,,,,,,,Bowler,20.0,Sunrisers Hyderabad,300.0,,,,,,
Jaydev Shah,,,,,,,,,,,,,,,,,,,,,Gujarat Lions,20.0,20.0,,,,,,,,,,,,,,,,,
Pratyush Singh,,,,,,,,,,,,,,,,,,,,,Delhi Daredevils,10.0,10.0,,,,,10.0,Chennai Super Kings,10.0,,,,,,,,,,
Joel Paris,,,,,,,,,,,,,,,,,,,,,Delhi Daredevils,30.0,30.0,,,,,,,,,,,,,,,,,
Scott Boland,,,,,,,,,,,,,,,,,,,,,Rising Pune Supergiant,50.0,50.0,,,,,,,,,,,,,,,,,
Adam Zampa,,,,,,,,,,,,,,,,,,,,,Rising Pune Supergiant,30.0,30.0,,,,,,,,,,,,,,,,,
Jaskaran Singh,,,,,,,,,,,,,,,,,,,,,Rising Pune Supergiant,10.0,10.0,,,,,,,,,,,,,,,,,
Vikas Tokas,,,,,,,,,,,,,,,,,,,,,Royal Challengers Bangalore,10.0,10.0,,,,,,,,,,,,,,,,,
Farhaan Behardien,,,,,,,,,,,,,,,,,,,,,Kings XI Punjab,30.0,30.0,,,,,,,,,,,,,,,,,
Akhil Herwadkar,,,,,,,,,,,,,,,,,,,,,Delhi Daredevils,10.0,10.0,,,,,,,,,,,,,,,,,
Mahipal Lomror,,,,,,,,,,,,,,,,,,,,,Delhi Daredevils,10.0,10.0,,,,,,,,All-Rounder,20.0,Rajasthan Royals,20.0,,,,,,
Hanuma Vihari,,,,,,,,,,,,,,,,,,,,,,,,Delhi Capitals,50.0,200.0,Batsman,10.0,Sunrisers Hyderabad,10.0,,,,,,,,,,
Shimron Hetmyer,,,,,,,,,,,,,,,,,,,,,,,,Royal Challengers Bangalore,50.0,420.0,Batsman,,,,,,,,,,,,,
Axar Patel,,,,,,,,,,,,,,,,,,,,,,,,Delhi Capitals,100.0,500.0,All-rounder,,,,,,,,,,,,,
Jonny Bairstow,,,,,,,,,,,,,,,,,,,,,,,,Sunrisers Hyderabad,150.0,220.0,Wicketkeeper,,,,,,,,,,,,,
Mohammad Shami,,,,,,,,,,,,,,,,,,,,,,,,Kings XI Punjab,100.0,480.0,Bowler,,,,,,,,,,,,,
Devdutt Padikkal,,,,,,,,,,,,,,,,,,,,,,,,Royal Challengers Bangalore,20.0,20.0,Batsman,,,,,,,,,,,,,
Anmolpreet Singh,,,,,,,,,,,,,,,,,,,,,,,,Mumbai Indians,20.0,80.0,Batsman,,,,,,,,,,,,,
Sarfaraz Khan,,,,,,,,,,,,,,,,,,,,,,,,Kings XI Punjab,20.0,25.0,All-rounder,10.0,Royal Challengers Bangalore,50.0,,,,,,,,,,
Shivam Dube,,,,,,,,,,,,,,,,,,,,,,,,Royal Challengers Bangalore,20.0,500.0,All-rounder,,,,,,,,,,,,,
Varun Chakravarthy,,,,,,,,,,,,,,,,,,,,,,,,Kings XI Punjab,20.0,840.0,All-rounder,,,,,,,,,,,,,
Sam Curran,,,,,,,,,,,,,,,,,,,,,,,,Kings XI Punjab,200.0,720.0,All-rounder,,,,,,,,,,,,,
Heinrich Klaasen,,,,,,,,,,,,,,,,,,,,,,,,Royal Challengers Bangalore,50.0,50.0,Wicketkeeper,,,,,,,,,,,,,
Sherfane Rutherford,,,,,,,,,,,,,,,,,,,,,,,,Delhi Capitals,40.0,200.0,All-rounder,,,,,,,,,,,,,
Anrich Nortje,,,,,,,,,,,,,,,,,,,,,,,,Kolkata Knight Riders,20.0,20.0,Bowler,,,,,,,,,,,,,
Oshane Thomas,,,,,,,,,,,,,,,,,,,,,,,,Rajasthan Royals,50.0,110.0,Bowler,,,,,,,,,,,,,
Hardus Viljoen,,,,,,,,,,,,,,,,,,,,,,,,Kings XI Punjab,75.0,75.0,Bowler,,,,,,,,,,,,,
Himmat Singh,,,,,,,,,,,,,,,,,,,,,,,,Royal Challengers Bangalore,20.0,65.0,Batsman,,,,,,,,,,,,,
Nikhil Naik,,,,,,,,,,,,,,,,,,,,,,,,Kolkata Knight Riders,20.0,20.0,Wicketkeeper,10.0,Kings XI Punjab,30.0,,,,,,,,,,
Arshdeep Singh,,,,,,,,,,,,,,,,,,,,,,,,Kings XI Punjab,20.0,20.0,Bowler,,,,,,,,,,,,,
Harry Gurney,,,,,,,,,,,,,,,,,,,,,,,,Kolkata Knight Riders,75.0,75.0,Bowler,,,,,,,,,,,,,
Pankaj Jaiswal,,,,,,,,,,,,,,,,,,,,,,,,Mumbai Indians,20.0,20.0,All-rounder,,,,,,,,,,,,,
Darshan Nalkande,,,,,,,,,,,,,,,,,,,,,,,,Kings XI Punjab,20.0,30.0,All-rounder,,,,,,,,,,,,,
Prab Simran Singh,,,,,,,,,,,,,,,,,,,,,,,,Kings XI Punjab,20.0,480.0,Wicketkeeper,,,,,,,,,,,,,
Rasikh Salam,,,,,,,,,,,,,,,,,,,,,,,,Mumbai Indians,20.0,20.0,Bowler,,,,,,,,,,,,,
Prithvi Raj Yarra,,,,,,,,,,,,,,,,,,,,,,,,Kolkata Knight Riders,20.0,20.0,Bowler,,,,,,,,,,,,,
Liam Livingstone,,,,,,,,,,,,,,,,,,,,,,,,Rajasthan Royals,50.0,50.0,All-rounder,,,,,,,,,,,,,
Keemo Paul,,,,,,,,,,,,,,,,,,,,,,,,Delhi Capitals,50.0,50.0,All-rounder,,,,,,,,,,,,,
Prayas Ray Barman,,,,,,,,,,,,,,,,,,,,,,,,Royal Challengers Bangalore,20.0,150.0,All-rounder,,,,,,,,,,,,,
Agnivesh Ayachi,,,,,,,,,,,,,,,,,,,,,,,,Kings XI Punjab,20.0,20.0,All-rounder,,,,,,,,,,,,,
Harpreet Brar,,,,,,,,,,,,,,,,,,,,,,,,Kings XI Punjab,20.0,20.0,All-rounder,,,,,,,,,,,,,
Ruturaj Gaikwad,,,,,,,,,,,,,,,,,,,,,,,,Chennai Super Kings,20.0,20.0,Batsman,,,,,,,,,,,,,
Shubham Ranjane,,,,,,,,,,,,,,,,,,,,,,,,Rajasthan Royals,20.0,20.0,All-rounder,,,,,,,,,,,,,
Joe Denly,,,,,,,,,,,,,,,,,,,,,,,,Kolkata Knight Riders,100.0,100.0,Batsman,,,,,,,,,,,,,
Bandaru Ayyappa,,,,,,,,,,,,,,,,,,,,,,,,Delhi Capitals,20.0,20.0,Bowler,,,,,,,,,,,,,
Shrikant Mundhe,,,,,,,,,,,,,,,,,,,,,,,,Kolkata Knight Riders,20.0,20.0,All-rounder,,,,,,,,,,,,,
Manan Vohra,,,,,,,,,,,,,,,,,,,,,,,,Rajasthan Royals,20.0,20.0,Batsman,,,,Batsman,20.0,Royal Challengers Bangalore,110.0,,,,,,
Ashton Turner,,,,,,,,,,,,,,,,,,,,,,,,Rajasthan Royals,50.0,50.0,All-rounder,,,,,,,,,,,,,
Riyan Parag,,,,,,,,,,,,,,,,,,,,,,,,Rajasthan Royals,20.0,20.0,All-rounder,,,,,,,,,,,,,
Shreyas Iyer,,,,,,,,,,,,,,,,,,,,,,,,,,,,10.0,Delhi Daredevils,260.0,,,,,,,,,,
Gurinder Sandhu,,,,,,,,,,,,,,,,,,,,,,,,,,,,30.0,Delhi Daredevils,170.0,,,,,,,,,,
Domnic Joseph,,,,,,,,,,,,,,,,,,,,,,,,,,,,10.0,Delhi Daredevils,75.0,,,,,,,,,,
Srikar Bharat,,,,,,,,,,,,,,,,,,,,,,,,,,,,10.0,Delhi Daredevils,10.0,,,,,,,,,,
KK Jiyas,,,,,,,,,,,,,,,,,,,,,,,,,,,,10.0,Delhi Daredevils,10.0,,,,,,,,,,
Yogesh Golwalkar,,,,,,,,,,,,,,,,,,,,,,,,,,,,10.0,Kings XI Punjab,10.0,,,,,,,,,,
Brad Hogg,,,,,,,,,,,,,,,,,,,,,,,,,,,,50.0,Kolkata Knight Riders,50.0,,,,,Rajasthan Royals,"$100,000","$180,000",,,
Aditya Garhwal,,,,,,,,,,,,,,,,,,,,,,,,,,,,10.0,Kolkata Knight Riders,25.0,,,,,,,,,,
Sheldon Jackson,,,,,,,,,,,,,,,,,,,,,,,,,,,,10.0,Kolkata Knight Riders,15.0,,,,,,,,,,
Sumit Narwal,,,,,,,,,,,,,,,,,,,,,,,,,,,,10.0,Kolkata Knight Riders,10.0,,,,,,,,,,
Vaibhav Rawal,,,,,,,,,,,,,,,,,,,,,,,,,,,,10.0,Kolkata Knight Riders,10.0,,,,,,,,,,
Mitchell McClenaghan,,,,,,,,,,,,,,,,,,,,,,,,,,,,30.0,Mumbai Indians,30.0,,,,,,,,,,
Hardik Pandya,,,,,,,,,,,,,,,,,,,,,,,,,,,,10.0,Mumbai Indians,10.0,,,,,,,,,,
Akshay Wakhare,,,,,,,,,,,,,,,,,,,,,,,,,,,,10.0,Mumbai Indians,10.0,,,,,,,,,,
Nitish Rana,,,,,,,,,,,,,,,,,,,,,,,,,,,,10.0,Mumbai Indians,10.0,All-Rounder,20.0,Kolkata Knight Riders,340.0,,,,,,
Siddhesh Lad,,,,,,,,,,,,,,,,,,,,,,,,,,,,10.0,Mumbai Indians,10.0,Batsman,20.0,Mumbai Indians,20.0,,,,,,
Jagadeesha Suchith,,,,,,,,,,,,,,,,,,,,,,,,,,,,10.0,Mumbai Indians,10.0,,,,,,,,,,
Dinesh Salunkhe,,,,,,,,,,,,,,,,,,,,,,,,,,,,10.0,Rajasthan Royals,10.0,,,,,,,,,,
Sagar Trivedi,,,,,,,,,,,,,,,,,,,,,,,,,,,,10.0,Rajasthan Royals,10.0,,,,,,,,,,
David Wiese,,,,,,,,,,,,,,,,,,,,,,,,,,,,30.0,Royal Challengers Bangalore,280.0,,,,,,,,,,
Sean Abbott,,,,,,,,,,,,,,,,,,,,,,,,,,,,50.0,Royal Challengers Bangalore,100.0,,,,,,,,,,
Adam Milne,,,,,,,,,,,,,,,,,,,,,,,,,,,,30.0,Royal Challengers Bangalore,70.0,,,,,,,,,,
Shishir Bhavane,,,,,,,,,,,,,,,,,,,,,,,,,,,,10.0,Royal Challengers Bangalore,10.0,,,,,,,,,,
Ravi Bopara,,,,,,,,,,,,,,,,,,,,,,,,,,,,100.0,Sunrisers Hyderabad,100.0,,,,,,,,Kings XI Punjab,"$450,000","$150,000"
Kane Williamson,,,,,,,,,,,,,,,,,,,,,,,,,,,,50.0,Sunrisers Hyderabad,60.0,Batsman,150.0,Sunrisers Hyderabad,300.0,,,,,,
Padmanabhan Prasanth,,,,,,,,,,,,,,,,,,,,,,,,,,,,10.0,Sunrisers Hyderabad,10.0,,,,,,,,,,
Kieron Pollard,,,,,,,,,,,,,,,,,,,,,,,,,,,,,,,All-Rounder,200.0,Mumbai Indians[RTM],540.0,,,,,,
Ajinkya Rahane,,,,,,,,,,,,,,,,,,,,,,,,,,,,,,,Batsman,200.0,Rajasthan Royals[RTM],400.0,,,,,,
David Miller,,,,,,,,,,,,,,,,,,,,,,,,,,,,,,,Batsman,150.0,Kings XI Punjab[RTM],300.0,,,,,,
Colin de Grandhomme,,,,,,,,,,,,,,,,,,,,,,,,,,,,,,,All-Rounder,75.0,Royal Challengers Bangalore,220.0,,,,,,
Moeen Ali,,,,,,,,,,,,,,,,,,,,,,,,,,,,,,,All-Rounder,150.0,Royal Challengers Bangalore,170.0,,,,,,
Ambati Rayudu,,,,,,,,,,,,,,,,,,,,,,,,,,,,,,,Wicketkeeper,50.0,Chennai Super Kings,220.0,,,,,,
Imran Tahir,,,,,,,,,,,,,,,,,,,,,,,,,,,,,,,Bowler,100.0,Chennai Super Kings,100.0,,,,,,
Shubman Gill,,,,,,,,,,,,,,,,,,,,,,,,,,,,,,,Batsman,20.0,Kolkata Knight Riders,180.0,,,,,,
Prithvi Shaw,,,,,,,,,,,,,,,,,,,,,,,,,,,,,,,Batsman,20.0,Delhi Daredevils,120.0,,,,,,
Kamlesh Nagarkoti,,,,,,,,,,,,,,,,,,,,,,,,,,,,,,,All-Rounder,20.0,Kolkata Knight Riders,320.0,,,,,,
D'Arcy Short,,,,,,,,,,,,,,,,,,,,,,,,,,,,,,,All-Rounder,20.0,Rajasthan Royals,400.0,,,,,,
Jofra Archer,,,,,,,,,,,,,,,,,,,,,,,,,,,,,,,All-Rounder,40.0,Rajasthan Royals,720.0,,,,,,
Siddharth Kaul,,,,,,,,,,,,,,,,,,,,,,,,,,,,,,,Bowler,30.0,Sunrisers Hyderabad,380.0,,,,,,
Avesh Khan,,,,,,,,,,,,,,,,,,,,,,,,,,,,,,,Bowler,20.0,Delhi Daredevils,70.0,,,,,,
Krishnappa Gowtham,,,,,,,,,,,,,,,,,,,,,,,,,,,,,,,Bowler,20.0,Rajasthan Royals,620.0,,,,,,
Evin Lewis,,,,,,,,,,,,,,,,,,,,,,,,,,,,,,,Batsman,150.0,Mumbai Indians,380.0,,,,,,
Washington Sundar,,,,,,,,,,,,,,,,,,,,,,,,,,,,,,,All-Rounder,150.0,Royal Challengers Bangalore,320.0,,,,,,
Mujeeb Zadran,,,,,,,,,,,,,,,,,,,,,,,,,,,,,,,Bowler,50.0,Kings XI Punjab,400.0,,,,,,
Apoorv Wankhade,,,,,,,,,,,,,,,,,,,,,,,,,,,,,,,Batsman,20.0,Kolkata Knight Riders,20.0,,,,,,
Manjot Kalra,,,,,,,,,,,,,,,,,,,,,,,,,,,,,,,Batsman,20.0,Delhi Daredevils,20.0,,,,,,
Shivam Mavi,,,,,,,,,,,,,,,,,,,,,,,,,,,,,,,All-Rounder,20.0,Kolkata Knight Riders,300.0,,,,,,
Abhishek Sharma,,,,,,,,,,,,,,,,,,,,,,,,,,,,,,,All-Rounder,20.0,Delhi Daredevils,55.0,,,,,,
Narayan Jagadeesan,,,,,,,,,,,,,,,,,,,,,,,,,,,,,,,Wicketkeeper,20.0,Chennai Super Kings,20.0,,,,,,
Zahir Khan Pakteen,,,,,,,,,,,,,,,,,,,,,,,,,,,,,,,Bowler,20.0,Rajasthan Royals,60.0,,,,,,
Mitchell Santner,,,,,,,,,,,,,,,,,,,,,,,,,,,,,,,All-Rounder,50.0,Chennai Super Kings,50.0,,,,,,
Jason Behrendorff,,,,,,,,,,,,,,,,,,,,,,,,,,,,,,,Bowler,100.0,Mumbai Indians,150.0,,,,,,
Cameron Delport,,,,,,,,,,,,,,,,,,,,,,,,,,,,,,,All-Rounder,30.0,Kolkata Knight Riders,30.0,,,,,,
Tajinder Singh,,,,,,,,,,,,,,,,,,,,,,,,,,,,,,,All-Rounder,20.0,Mumbai Indians,55.0,,,,,,
Shreevats Goswami,,,,,,,,,,,,,,,,,,,,,,,,,,,,,,,Wicketkeeper,20.0,Sunrisers Hyderabad,100.0,,,,,,
Ben Dwarshuis,,,,,,,,,,,,,,,,,,,,,,,,,,,,,,,Bowler,20.0,Kings XI Punjab,140.0,,,,,,
KM Asif,,,,,,,,,,,,,,,,,,,,,,,,,,,,,,,Bowler,20.0,Chennai Super Kings,40.0,,,,,,
Sandeep Lamichhane,,,,,,,,,,,,,,,,,,,,,,,,,,,,,,,Bowler,20.0,Delhi Daredevils,20.0,,,,,,
Lungisani Ngidi,,,,,,,,,,,,,,,,,,,,,,,,,,,,,,,Bowler,50.0,Chennai Super Kings,50.0,,,,,,
Sharad Lumba,,,,,,,,,,,,,,,,,,,,,,,,,,,,,,,Batsman,20.0,Mumbai Indians,20.0,,,,,,
Kanishk Seth,,,,,,,,,,,,,,,,,,,,,,,,,,,,,,,All-Rounder,20.0,Chennai Super Kings,20.0,,,,,,
Dhruv Shorey,,,,,,,,,,,,,,,,,,,,,,,,,,,,,,,All-Rounder,20.0,Chennai Super Kings,20.0,,,,,,
Aniruddha Joshi,,,,,,,,,,,,,,,,,,,,,,,,,,,,,,,All-Rounder,20.0,Royal Challengers Bangalore,20.0,,,,,,
Sudhesan Midhun,,,,,,,,,,,,,,,,,,,,,,,,,,,,,,,All-Rounder,20.0,Rajasthan Royals,20.0,,,,,,
Prashant Chopra,,,,,,,,,,,,,,,,,,,,,,,,,,,,,,,Wicketkeeper,20.0,Rajasthan Royals,20.0,,,,,,
Bipul Sharma,,,,,,,,,,,,,,,,,,,,,,,,,,,,,,,All-Rounder,20.0,Sunrisers Hyderabad,20.0,,,,,,
Mayank Markande,,,,,,,,,,,,,,,,,,,,,,,,,,,,,,,Bowler,20.0,Mumbai Indians,20.0,,,,,,
Mayank Dagar,,,,,,,,,,,,,,,,,,,,,,,,,,,,,,,All-Rounder,20.0,Kings XI Punjab,20.0,,,,,,
Anukul Roy,,,,,,,,,,,,,,,,,,,,,,,,,,,,,,,All-Rounder,20.0,Mumbai Indians,20.0,,,,,,
Mark Wood,,,,,,,,,,,,,,,,,,,,,,,,,,,,,,,Bowler,150.0,Chennai Super Kings,150.0,,,,,,
Mohsin Khan,,,,,,,,,,,,,,,,,,,,,,,,,,,,,,,Bowler,20.0,Mumbai Indians,20.0,,,,,,
Mehdi Hasan,,,,,,,,,,,,,,,,,,,,,,,,,,,,,,,All-Rounder,20.0,Sunrisers Hyderabad,20.0,,,,,,
Kshitiz Sharma,,,,,,,,,,,,,,,,,,,,,,,,,,,,,,,All-Rounder,20.0,Chennai Super Kings,20.0,,,,,,
Monu Kumar,,,,,,,,,,,,,,,,,,,,,,,,,,,,,,,Bowler,20.0,Chennai Super Kings,20.0,,,,,,
Chaitanya Bishnoi,,,,,,,,,,,,,,,,,,,,,,,,,,,,,,,All-Rounder,20.0,Chennai Super Kings,20.0,,,,,,
Jatin Saxena,,,,,,,,,,,,,,,,,,,,,,,,,,,,,,,All-Rounder,20.0,Rajasthan Royals,20.0,,,,,,
Aryaman Birla,,,,,,,,,,,,,,,,,,,,,,,,,,,,,,,All-Rounder,20.0,Rajasthan Royals,30.0,,,,,,
Pavan Deshpande,,,,,,,,,,,,,,,,,,,,,,,,,,,,,,,All-Rounder,20.0,Royal Challengers Bangalore,20.0,,,,,,
Dushmantha Chameera,,,,,,,,,,,,,,,,,,,,,,,,,,,,,,,Bowler,50.0,Rajasthan Royals,50.0,,,,,,
M. D. Nidheesh,,,,,,,,,,,,,,,,,,,,,,,,,,,,,,,Bowler,20.0,Mumbai Indians,20.0,,,,,,
Manzoor Dar,,,,,,,,,,,,,,,,,,,,,,,,,,,,,,,All-Rounder,20.0,Kings XI Punjab,20.0,,,,,,
Javon Searles,,,,,,,,,,,,,,,,,,,,,,,,,,,,,,,All-Rounder,30.0,Kolkata Knight Riders,30.0,,,,,,
Dinesh Chandimal,,,,,,,,,,,,,,,,,,,,,,,,,,,,,,,,,,,Rajasthan Royals,"$50,000","$50,000",,,
Sunil Narine,,,,,,,,,,,,,,,,,,,,,,,,,,,,,,,,,,,Kolkata Knight Riders,"$50,000","$700,000",,,
Robin Peterson,,,,,,,,,,,,,,,,,,,,,,,,,,,,,,,,,,,Mumbai Indians,"$100,000","$100,000",,,
Daniel Harris,,,,,,,,,,,,,,,,,,,,,,,,,,,,,,,,,,,Deccan Chargers,"$50,000","$70,000",,,
Azhar Mahmood,,,,,,,,,,,,,,,,,,,,,,,,,,,,,,,,,,,Kings XI Punjab,"$100,000","$200,000",,,
Doug Bracewell,,,,,,,,,,,,,,,,,,,,,,,,,,,,,,,,,,,Delhi Daredevils,"$50,000","$50,000",,,
Andrew Flintoff,,,,,,,,,,,,,,,,,,,,,,,,,,,,,,,,,,,,,,Chennai Super Kings,"$1,550,000","$950,000"
Tyron Henderson,,,,,,,,,,,,,,,,,,,,,,,,,,,,,,,,,,,,,,Rajasthan Royals,"$650,000","$100,000"
Thilan Thushara,,,,,,,,,,,,,,,,,,,,,,,,,,,,,,,,,,,,,,Chennai Super Kings,"$140,000","$100,000"
Kyle Mills,,,,,,,,,,,,,,,,,,,,,,,,,,,,,,,,,,,,,,Mumbai Indians,"$150,000","$150,000"
Mohammad Ashraful,,,,,,,,,,,,,,,,,,,,,,,,,,,,,,,,,,,,,,Mumbai Indians,"$75,000","$75,000"
Mashrafe Mortaza,,,,,,,,,,,,,,,,,,,,,,,,,,,,,,,,,,,,,,Kolkata Knight Riders,"$600,000","$50,000"
